Date,Year,Quarter,MonthNumber,MonthName,FiscalYear,FiscalQuarter,IsMonthEnd
2026-01-01,2026,Q1,1,January,FY2026,FQ3,No
2026-01-15,2026,Q1,1,January,FY2026,FQ3,No
2026-01-31,2026,Q1,1,January,FY2026,FQ3,Yes
2026-02-01,2026,Q1,2,February,FY2026,FQ3,No
2026-02-15,2026,Q1,2,February,FY2026,FQ3,No
2026-02-28,2026,Q1,2,February,FY2026,FQ3,Yes
2026-03-01,2026,Q1,3,March,FY2026,FQ3,No
2026-03-15,2026,Q1,3,March,FY2026,FQ3,No
2026-03-31,2026,Q1,3,March,FY2026,FQ3,Yes
2026-04-01,2026,Q2,4,April,FY2026,FQ4,No
2026-04-15,2026,Q2,4,April,FY2026,FQ4,No
2026-04-30,2026,Q2,4,April,FY2026,FQ4,Yes
2026-05-01,2026,Q2,5,May,FY2026,FQ4,No
2026-05-15,2026,Q2,5,May,FY2026,FQ4,No
2026-05-31,2026,Q2,5,May,FY2026,FQ4,Yes
2026-06-01,2026,Q2,6,June,FY2026,FQ4,No
2026-06-15,2026,Q2,6,June,FY2026,FQ4,No
2026-06-30,2026,Q2,6,June,FY2026,FQ4,Yes
